{
  "parent": "minecraft:recipes/root",
  "rewards": {
    "recipes": [
      "minecraft:ender_chest"
    ]
  },
  "criteria": {
    "has_ender_eye": {
      "trigger": "minecraft:inventory_changed",
      "conditions": {
        "items": [
          {
            "item": "minecraft:ender_eye"
          }
        ]
      }
    },
    "has_the_recipe": {
      "trigger": "minecraft:recipe_unlocked",
      "conditions": {
        "recipe": "ender_chest"
      }
    }
  },
  "requirements": [
    [
      "has_ender_eye",
      "has_the_recipe"
    ]
  ]
}