{
  "parent": "minecraft:recipes/root",
  "rewards": {
    "recipes": [
      "minecraft:brick_slab"
    ]
  },
  "criteria": {
    "has_brick_block": {
      "trigger": "minecraft:inventory_changed",
      "conditions": {
        "items": [
          {
            "item": "minecraft:brick_block"
          }
        ]
      }
    },
    "has_the_recipe": {
      "trigger": "minecraft:recipe_unlocked",
      "conditions": {
        "recipe": "brick_slab"
      }
    }
  },
  "requirements": [
    [
      "has_brick_block",
      "has_the_recipe"
    ]
  ]
}