{
    "display": {
        "icon": {
            "item": "minecraft:diamond_boots"
        },
        "title": {
            "translate": "advancements.adventure.adventuring_time.title"
        },
        "description": {
            "translate": "advancements.adventure.adventuring_time.description"
        },
        "frame": "challenge"
    },
    "parent": "adventure/sleep_in_bed",
    "rewards": {
        "experience": 500
    },
    "criteria": {
        "birch_forest_hills": {
            "trigger": "minecraft:location",
            "conditions": {
                "biome": "minecraft:birch_forest_hills"
            }
        },
        "river": {
            "trigger": "minecraft:location",
            "conditions": {
                "biome": "minecraft:river"
            }
        },
        "swampland": {
            "trigger": "minecraft:location",
            "conditions": {
                "biome": "minecraft:swampland"
            }
        },
        "desert": {
            "trigger": "minecraft:location",
            "conditions": {
                "biome": "minecraft:desert"
            }
        },
        "forest_hills": {
            "trigger": "minecraft:location",
            "conditions": {
                "biome": "minecraft:forest_hills"
            }
        },
        "redwood_taiga_hills": {
            "trigger": "minecraft:location",
            "conditions": {
                "biome": "minecraft:redwood_taiga_hills"
            }
        },
        "taiga_cold": {
            "trigger": "minecraft:location",
            "conditions": {
                "biome": "minecraft:taiga_cold"
            }
        },
        "mesa": {
            "trigger": "minecraft:location",
            "conditions": {
                "biome": "minecraft:mesa"
            }
        },
        "forest": {
            "trigger": "minecraft:location",
            "conditions": {
                "biome": "minecraft:forest"
            }
        },
        "stone_beach": {
            "trigger": "minecraft:location",
            "conditions": {
                "biome": "minecraft:stone_beach"
            }
        },
        "ice_flats": {
            "trigger": "minecraft:location",
            "conditions": {
                "biome": "minecraft:ice_flats"
            }
        },
        "taiga_hills": {
            "trigger": "minecraft:location",
            "conditions": {
                "biome": "minecraft:taiga_hills"
            }
        },
        "ice_mountains": {
            "trigger": "minecraft:location",
            "conditions": {
                "biome": "minecraft:ice_mountains"
            }
        },
        "mesa_rock": {
            "trigger": "minecraft:location",
            "conditions": {
                "biome": "minecraft:mesa_rock"
            }
        },
        "savanna": {
            "trigger": "minecraft:location",
            "conditions": {
                "biome": "minecraft:savanna"
            }
        },
        "plains": {
            "trigger": "minecraft:location",
            "conditions": {
                "biome": "minecraft:plains"
            }
        },
        "frozen_river": {
            "trigger": "minecraft:location",
            "conditions": {
                "biome": "minecraft:frozen_river"
            }
        },
        "redwood_taiga": {
            "trigger": "minecraft:location",
            "conditions": {
                "biome": "minecraft:redwood_taiga"
            }
        },
        "cold_beach": {
            "trigger": "minecraft:location",
            "conditions": {
                "biome": "minecraft:cold_beach"
            }
        },
        "deep_ocean": {
            "trigger": "minecraft:location",
            "conditions": {
                "biome": "minecraft:deep_ocean"
            }
        },
        "jungle_hills": {
            "trigger": "minecraft:location",
            "conditions": {
                "biome": "minecraft:jungle_hills"
            }
        },
        "jungle_edge": {
            "trigger": "minecraft:location",
            "conditions": {
                "biome": "minecraft:jungle_edge"
            }
        },
        "ocean": {
            "trigger": "minecraft:location",
            "conditions": {
                "biome": "minecraft:ocean"
            }
        },
        "mushroom_island_shore": {
            "trigger": "minecraft:location",
            "conditions": {
                "biome": "minecraft:mushroom_island_shore"
            }
        },
        "extreme_hills": {
            "trigger": "minecraft:location",
            "conditions": {
                "biome": "minecraft:extreme_hills"
            }
        },
        "desert_hills": {
            "trigger": "minecraft:location",
            "conditions": {
                "biome": "minecraft:desert_hills"
            }
        },
        "jungle": {
            "trigger": "minecraft:location",
            "conditions": {
                "biome": "minecraft:jungle"
            }
        },
        "beaches": {
            "trigger": "minecraft:location",
            "conditions": {
                "biome": "minecraft:beaches"
            }
        },
        "savanna_rock": {
            "trigger": "minecraft:location",
            "conditions": {
                "biome": "minecraft:savanna_rock"
            }
        },
        "taiga_cold_hills": {
            "trigger": "minecraft:location",
            "conditions": {
                "biome": "minecraft:taiga_cold_hills"
            }
        },
        "mesa_clear_rock": {
            "trigger": "minecraft:location",
            "conditions": {
                "biome": "minecraft:mesa_clear_rock"
            }
        },
        "roofed_forest": {
            "trigger": "minecraft:location",
            "conditions": {
                "biome": "minecraft:roofed_forest"
            }
        },
        "taiga": {
            "trigger": "minecraft:location",
            "conditions": {
                "biome": "minecraft:taiga"
            }
        },
        "birch_forest": {
            "trigger": "minecraft:location",
            "conditions": {
                "biome": "minecraft:birch_forest"
            }
        },
        "mushroom_island": {
            "trigger": "minecraft:location",
            "conditions": {
                "biome": "minecraft:mushroom_island"
            }
        },
        "extreme_hills_with_trees": {
            "trigger": "minecraft:location",
            "conditions": {
                "biome": "minecraft:extreme_hills_with_trees"
            }
        }
    }
}