{
  "parent": "minecraft:recipes/root",
  "rewards": {
    "recipes": [
      "minecraft:carrot_on_a_stick"
    ]
  },
  "criteria": {
    "has_the_recipe": {
      "trigger": "minecraft:recipe_unlocked",
      "conditions": {
        "recipe": "carrot_on_a_stick"
      }
    },
    "has_carrot": {
      "trigger": "minecraft:inventory_changed",
      "conditions": {
        "items": [
          {
            "item": "minecraft:carrot"
          }
        ]
      }
    }
  },
  "requirements": [
    [
      "has_the_recipe",
      "has_carrot"
    ]
  ]
}