{
  "parent": "minecraft:recipes/root",
  "rewards": {
    "recipes": [
      "minecraft:map"
    ]
  },
  "criteria": {
    "has_compass": {
      "trigger": "minecraft:inventory_changed",
      "conditions": {
        "items": [
          {
            "item": "minecraft:compass"
          }
        ]
      }
    },
    "has_the_recipe": {
      "trigger": "minecraft:recipe_unlocked",
      "conditions": {
        "recipe": "map"
      }
    }
  },
  "requirements": [
    [
      "has_compass",
      "has_the_recipe"
    ]
  ]
}