{
  "parent": "minecraft:recipes/root",
  "rewards": {
    "recipes": [
      "minecraft:diamond_shovel"
    ]
  },
  "criteria": {
    "has_the_recipe": {
      "trigger": "minecraft:recipe_unlocked",
      "conditions": {
        "recipe": "diamond_shovel"
      }
    },
    "has_diamond": {
      "trigger": "minecraft:inventory_changed",
      "conditions": {
        "items": [
          {
            "item": "minecraft:diamond"
          }
        ]
      }
    }
  },
  "requirements": [
    [
      "has_the_recipe",
      "has_diamond"
    ]
  ]
}