{
    "display": {
        "icon": {
            "item": "minecraft:obsidian"
        },
        "title": {
            "translate": "advancements.story.form_obsidian.title"
        },
        "description": {
            "translate": "advancements.story.form_obsidian.description"
        }
    },
    "parent": "minecraft:story/lava_bucket",
    "criteria": {
        "obsidian": {
            "trigger": "minecraft:inventory_changed",
            "conditions": {
                "items": [
                    {
                        "item": "minecraft:obsidian"
                    }
                ]
            }
        }
    }
}