{
  "parent": "minecraft:recipes/root",
  "rewards": {
    "recipes": [
      "minecraft:beetroot_soup"
    ]
  },
  "criteria": {
    "has_beetroot": {
      "trigger": "minecraft:inventory_changed",
      "conditions": {
        "items": [
          {
            "item": "minecraft:beetroot"
          }
        ]
      }
    },
    "has_the_recipe": {
      "trigger": "minecraft:recipe_unlocked",
      "conditions": {
        "recipe": "beetroot_soup"
      }
    }
  },
  "requirements": [
    [
      "has_beetroot",
      "has_the_recipe"
    ]
  ]
}